[
    {
        "category": "COMP SCIENCE",
        "difficulty": "Novice",
        "question": "What is the difference between a compiler and an interpreter in the context of programming languages?",
        "options": [
            "Compilers are used for high-level languages, interpreters for low-level languages.",
            "Compilers translate the entire program at once, interpreters translate it line by line.",
            "Compilers and interpreters are the same; the terms are used interchangeably."
        ],
        "correctOption": "B"
    },
    {
        "category": "COMP SCIENCE",
        "difficulty": "Novice",
        "question": "Explain the concept of variables in programming. How are they used, and why are they important in computer science?",
        "options": [
            "Variables are used to store constants in a program, and they are not crucial in computer science.",
            "Variables are used to store and manipulate data, making it dynamic and essential in computer science.",
            "Variables are only used in mathematical calculations and are not relevant in computer science."
        ],
        "correctOption": "B"
    },
    {
        "category": "COMP SCIENCE",
        "difficulty": "Intermediate",
        "question": "Which of the following statements about object-oriented programming (OOP) is true?",
        "options": [
            "Inheritance allows a class to inherit properties and behaviors from another class.",
            "Polymorphism is the process of converting objects into primitive data types.",
            "Encapsulation is primarily concerned with creating multiple instances of a class."
        ],
        "correctOption": "A"
    },
    {
        "category": "COMP SCIENCE",
        "difficulty": "Intermediate",
        "question": "What is the Big O notation used for in computer science?",
        "options": [
            "It represents the number of lines of code in an algorithm.",
            "It quantifies the performance and efficiency of algorithms in terms of their input size.",
            "It measures the physical size of a computer's main memory."
        ],
        "correctOption": "B"
    },
    {
        "category": "COMP SCIENCE",
        "difficulty": "Expert",
        "question": "Which of the following is not a valid use case for a Bloom Filter in computer science?",
        "options": [
            "Spell-checking in a word processing application.",
            "Caching frequently accessed web pages in a web proxy server.",
            "Maintaining a secure cryptographic key storage system."
        ],
        "correctOption": "C"
    },
    {
        "category": "COMP SCIENCE",
        "difficulty": "Expert",
        "question": "In distributed systems, what is the CAP theorem?",
        "options": [
            "It describes the three essential components of a database management system.",
            "It defines the trade-offs between consistency, availability, and partition tolerance in distributed databases.",
            "It outlines the principles of network security for cloud-based applications."
        ],
        "correctOption": "B"
    },
    {
        "category": "COMP ORG",
        "difficulty": "Novice",
        "question": "What is the central processing unit (CPU) in a computer responsible for?",
        "options": [
            "Managing the computer's network connections",
            "Performing arithmetic and logic operations on data",
            "Storing files and documents"
        ],
        "correctOption": "B"
    },
    {
        "category": "COMP ORG",
        "difficulty": "Novice",
        "question": "Which of the following is an example of a secondary storage device in a computer system?",
        "options": [
            "Random Access Memory (RAM)",
            "Hard Disk Drive (HDD)",
            "CPU Cache"
        ],
        "correctOption": "B"
    },
    {
        "category": "COMP ORG",
        "difficulty": "Intermediate",
        "question": "What is the purpose of the Memory Management Unit (MMU) in a computer?",
        "options": [
            "To perform arithmetic calculations.",
            "To manage input and output devices.",
            "To map virtual memory addresses to physical memory locations."
        ],
        "correctOption": "C"
    },
    {
        "category": "COMP ORG",
        "difficulty": "Intermediate",
        "question": "In computer organization, what is the function of a control unit?",
        "options": [
            "To execute arithmetic and logic operations.",
            "To manage system memory and storage.",
            "To fetch, decode, and execute instructions stored in memory."
        ],
        "correctOption": "C"
    },
    {
        "category": "COMP ORG",
        "difficulty": "Expert",
        "question": "Which of the following is not a characteristic of Reduced Instruction Set Computing (RISC) architecture?",
        "options": [
            "Complex and lengthy instruction sets.",
            "A large number of general-purpose registers.",
            "A focus on simplicity and reduced execution time for instructions."
        ],
        "correctOption": "A"
    },
    {
        "category": "COMP ORG",
        "difficulty": "Expert",
        "question": "In the context of pipelining in processors, what is the term 'data hazard' referring to?",
        "options": [
            "A situation where an instruction depends on the result of a previous instruction still in the pipeline.",
            "A security vulnerability that can lead to data leakage.",
            "A type of redundancy in computer architecture."
        ],
        "correctOption": "A"
    },
    {
        "category": "DISCRETE MATHS",
        "difficulty": "Novice",
        "question": "In a set, which of the following elements represents the Universal Set?",
        "options": [
            "The empty set ({})",
            "The set containing all the elements under consideration.",
            "The set with a single element."
        ],
        "correctOption": "B"
    },
    {
        "category": "DISCRETE MATHS",
        "difficulty": "Novice",
        "question": "What is the result of the addition operation in Boolean algebra for the following inputs: 1 + 0?",
        "options": [
            "1",
            "0",
            "2"
        ],
        "correctOption": "A"
    },
    {
        "category": "DISCRETE MATHS",
        "difficulty": "Intermediate",
        "question": "In combinatorics, how many ways can you arrange the letters in the word 'COMPUTE' if no letter can be repeated in a single arrangement?",
        "options": [
            "1,260",
            "5,040",
            "10,080"
        ],
        "correctOption": "B"
    },
    {
        "category": "DISCRETE MATHS",
        "difficulty": "Intermediate",
        "question": "What is the sum of the first 10 positive even integers?",
        "options": [
            "30",
            "55",
            "110"
        ],
        "correctOption": "C"
    },
    {
        "category": "DISCRETE MATHS",
        "difficulty": "Expert",
        "question": "In graph theory, what is the chromatic number of a graph?",
        "options": [
            "The maximum degree of a vertex in the graph.",
            "The minimum number of colors required to color the vertices of the graph such that no adjacent vertices have the same color.",
            "The number of edges in the graph."
        ],
        "correctOption": "B"
    },
    {
        "category": "DISCRETE MATHS",
        "difficulty": "Expert",
        "question": "What is the principle of mathematical induction used for in discrete mathematics?",
        "options": [
            "Proving theorems about prime numbers.",
            "Proving statements about an infinite sequence of natural numbers.",
            "Solving systems of linear equations."
        ],
        "correctOption": "B"
    }
]